ID,Latitude,Longitude,Timestamp,Total_Generation_kWh,Peak_Power_kW,AI_Insight,Accuracy
e743aec0-a840-4bf3-af56-233a71231f87,23.0225,72.5714,2025-09-14 04:10:09.999966,181.75,64.49,"## Solar Forecast Actionable Advice

**Peak generation:** 7:00 PM. 

**Focus:** Run appliances with lower energy consumption during this peak generation period.

**One efficiency tip:** Use appliances with LED or CFL bulbs, as they have higher energy efficiency.",94.2
5c9a36c5-2306-48ad-b494-83732f861fbf,23.0225,72.5714,2025-09-14 04:08:47.426909,191.84,68.07,"Sure, here's actionable advice for maximizing your home's energy efficiency during peak generation hours:

1. **Peak generation is at 7:00 PM.** Run appliances with high energy consumption during this time, such as fans, air conditioners, and dishwashers.

2. **Consider running your refrigerator or washing machine during off-peak hours** (between 6:00 AM and 10:00 AM and 6:00 PM and 8:00 PM) to reduce energy waste.

3. **Invest in energy-efficient appliances** with the highest Energy Star rating.",94.2
61255f0b-8a3f-4825-af8d-ae21eda71b39,23.0225,72.5714,2025-09-14 04:08:47.148884,181.75,64.49,"Sure, here's the actionable advice you requested:

1. **Peak generation time and power:** The peak power is achieved at 7:00 PM, so you should target appliances that use the most energy during that time.
2. **Appliance recommendations:** Some appliances like air conditioners and washing machines operate at their highest energy consumption during peak hours. Consider turning them off or using them for shorter durations.
3. **Efficiency tip:** Always check the energy efficiency rating of appliances and choose energy-efficient models whenever possible.",94.2
5dbdcc76-2330-4bae-94fa-b186ccef1a65,23.0225,72.5714,2025-09-14 04:08:44.985646,181.75,64.49,"## Solar Forecast Actionable Advice:

**Peak generation time:** 7:00 AM

**Focus peak generation:** Run appliances like air conditioners, washing machines, and refrigerators during this period.

**Efficiency tip:** Optimize your appliances to achieve maximum energy savings during peak generation hours.",94.2
9779f6be-b41b-47bb-bae6-4ed7391bb642,23.0225,72.5714,2025-09-14 04:08:44.966960,175.63,63.0,"**Peak generation time and power:** 10:00 AM.

**Recommended appliances to run during peak hours:**

* Air conditioner
* Washing machine

**Efficiency tip:** Use appliances with high energy efficiency ratings to maximize energy savings during peak generation hours.",94.2
550bcd41-a328-420f-a07b-7be965904e2f,23.0225,72.5714,2025-09-14 04:08:43.789247,191.84,68.07,"## Solar Forecast Actionable Advice

**Peak generation time is 7:00 PM.** This is when the peak power of 6,8071 Watts is reached, providing maximum energy generation.

**Run these appliances during peak hours:**

* Air Conditioner (if possible)
* Washing Machine
* Computer

**Tip:** Optimize your home's lighting by replacing incandescent bulbs with energy-efficient LEDs.",94.2
60e29c9f-6a7c-4d81-82ae-478466fa6223,23.0225,72.5714,2025-09-14 04:08:43.699707,175.63,63.0,"## Actionable Advice for Peak Power

**Peak generation is at 10:00 AM.** This is when your energy generation reaches its highest point. Here are two appliances you can run during this time for maximum savings:

* **Fans:** They operate at their most efficient when the sun isn't shining, making them ideal for running during peak generation.
* **Washing machine:** Wash clothes during the off-peak hours, usually between 6:00 PM and 8:00 PM, when energy prices are lower.

**Additional efficiency tip:** Keep your refrigerator and air conditioner set to their lowest energy consumption settings to maximize energy savings throughout the day.",94.2
0df3dd42-2113-41e6-a871-7b6df7f9bc57,23.0225,72.5714,2025-09-14 04:08:41.988913,181.75,64.49,"**Peak generation time is 7:00 PM.**

- Run appliances like air conditioners, refrigerators, and TVs during this time to maximize savings.

**One efficiency tip:** Ensure your windows are closed on hot days to prevent heat loss and improve energy efficiency.",94.2
e23e4e7b-b102-42de-a75f-2a786bc0b416,23.0225,72.5714,2025-09-14 03:18:36.961693,167.94,60.82,"## Solar Forecast Actionable Advice:

**1. Peak generation time and power:** The peak power is reached at 9:00 AM, meaning appliances with high energy demand will generate the most power then.

**2. Appliances to run during peak hours:** Focus on appliances like air conditioners, refrigerators, washing machines, and dishwashers as they use the most energy during peak generation.

**3. Efficiency tip:** Consider using LED lights for outdoor lighting as they convert significantly more energy efficiently than traditional incandescent bulbs.",94.2
917c5db6-5e13-4584-a765-7b5e40a179f3,23.0225,72.5714,2025-09-14 03:18:36.114341,153.79,56.33,"## Solar Forecast Actionable Advice:

**1. Peak generation time and power:** The peak generation time is 9:00 AM, meaning peak power will be at 56331 Watts.

**2. Appliance suggestions:** Run your appliances like air conditioners and refrigerators during peak hours (9:00 AM to 5:00 PM) to capture maximum energy savings.

**3. Efficiency tip:** Invest in energy-efficient appliances and light bulbs to further optimize your solar savings.",94.2
c19aca9b-4d69-4050-a2be-a084c0450477,23.0225,72.5714,2025-09-14 03:18:35.406709,159.1,57.62,"**Peak generation is at 9:00 AM, with a peak power of 57,620 Watts.** Running appliances like a refrigerator or air conditioner during this period will maximize energy savings. Additionally, checking the appliance's energy efficiency label and prioritizing energy-efficient options can further reduce your bill.",94.2
9fde19cf-6666-47d2-9680-a4aa89086e06,23.0225,72.5714,2025-09-14 03:17:53.952012,167.94,60.82,"## Solar Forecast Analysis:

**Peak generation is at 9:00 AM, when the peak power is 60821 Watts.**

**Focus on appliances that use more energy during this peak period:**

* Washers
* Dishwashers
* Air conditioners
* Water heaters

**One efficiency tip to maximize savings:**

* Use appliances with the highest energy efficiency ratings whenever possible.",94.2
5659a40a-2b8e-41de-a553-65f6b70acaa7,23.0225,72.5714,2025-09-14 03:17:53.530519,153.79,56.33,"## Solar Forecast Analysis

**Peak generation time:** 9:00 AM

**Peak power:** 56331 Watts

**Estimated savings:** ₹768.95

**Actionable advice:**

1. **Run appliances with high energy efficiency during peak generation hours (9:00 AM to 3:00 PM)**, as they contribute to peak power generation and lower your electricity bill. 
2. **Consider replacing energy-intensive appliances with more efficient ones** when possible.
3. **Monitor your energy consumption** to identify areas for further optimization.",94.2
599a2d19-02b6-479e-b9d1-383ab174b494,23.0225,72.5714,2025-09-14 03:17:52.682963,159.1,57.62,"## Solar Forecast Insights:

**Peak generation is at 9:00 AM, reaching 57,620 Watts.** This means your home generates the most energy then, especially during the morning and early afternoon.

**Focus your energy use on appliances with lower energy consumption during peak hours.** This could be your refrigerator, washing machine, or air conditioner.

**One efficiency tip to maximize your savings:** check the energy consumption labels on your appliances and replace incandescent light bulbs with energy-efficient LEDs.",94.2
5e0d10ad-9d40-41ed-a9db-d8363a28bffe,23.0225,72.5714,2025-09-14 03:17:50.510493,159.1,57.62,"## Sol-AI Solar Forecast Analysis

**Peak generation time is at 9:00 AM.** This means your solar panels will generate the most energy around this time.

**Run your refrigerator and washing machine during peak hours (9:00-10:00 AM)** to maximize your savings.

**Remember to check the weather forecast beforehand for optimal results.**",94.2
6f6a484e-a9cd-4752-94c4-bd322c4e6872,23.0225,72.5714,2025-09-14 03:17:43.513990,167.94,60.82,"## Solar Forecast Analysis

The peak generation time is 9:00 AM, reaching 60821 Watts. This is a perfect opportunity to run high-power appliances like air conditioners, washing machines, or refrigerators.

For maximum savings, focus on appliances with lower energy consumption during the peak generation period. Consider using LED lights and appliances with high energy efficiency ratings.

One additional tip for maximizing your savings is to program your appliances to turn off automatically when not in use.",94.2
340625f7-7730-4748-ad9d-0c0cd935ef33,23.0225,72.5714,2025-09-14 03:17:43.241277,153.79,56.33,"## Solar Forecast Actionable Advice

**Peak generation time and power:** 9:00 AM. The peak power is 56331 Watts, meaning your solar system is generating the most energy at that time.

**Appliance suggestions:** Run your air conditioner, refrigerator, or washing machine during peak hours (9:00 AM - 5:00 PM). These appliances are the largest consumers of energy and will significantly impact your savings.

**Efficiency tip:** Ensure your appliances are properly sized and operate at full capacity. This will further maximize their efficiency and reduce your energy consumption.",94.2
e5da6820-bf6c-46c9-be9d-48f943dbfc61,23.0225,72.5714,2025-09-14 03:17:41.920670,159.1,57.62,"**Sure, here's the actionable advice you requested:**

1. **Peak generation time and power:** The peak power of 57620 Watts occurs at 9:00 AM.

2. **Appliance suggestion:** During peak hours, consider running appliances like air conditioners, refrigerators, and washing machines.

3. **Efficiency tip:** Ensure your appliances are well-maintained to maximize their energy efficiency and minimize their impact on peak generation.",94.2
18839f0c-9ca8-40db-b30e-4fb0cf0df6e7,23.0225,72.5714,2025-09-14 03:17:41.178626,153.79,56.33,"## Solar Forecast Actionable Advice

**Peak generation time is 9:00 AM.** This means your solar panels will generate the most power then.

**Run these appliances during peak hours:**

* **Air conditioner:** This uses the most energy.
* **Geothermal heating and cooling system:** Keep your home comfortable without using excessive energy.

**Bonus efficiency tip:**

* Check your appliance's energy consumption label to see its solar energy efficiency rating. Look for appliances with high efficiency ratings (e.g., ≥90%).",94.2
cce8f170-18b6-4eaa-b3ac-71c752db7c9b,23.0225,72.5714,2025-09-14 03:17:39.522725,159.1,57.62,"## Solar forecast analysis:

**Peak generation time: 9:00 AM** indicates the peak power production, generating 57,620 Watts.

**Focus on appliances with higher energy demands:**
* Washers and dryers run heavily during peak hours.
* Refrigerators and freezers are essential appliances and consume significant energy.

**Optimize your home's energy consumption:**
* Use energy-efficient appliances.
* Wash clothes in cold water and air-dry whenever possible.
* Reduce lighting and air conditioning usage during peak hours.",94.2
e0f842fa-3f56-4194-83c2-bbbad95b6f71,23.0225,72.5714,2025-09-14 03:17:39.522562,167.94,60.82,"## Solar Forecast Actionable Advice:

1. **Peak generation is at 9:00 AM.** Enjoy the highest energy generation potential by running your appliances then, like air conditioners, washing machines, and hair dryers.
2. **Focus on high-efficiency appliances:** During peak hours, prioritize energy-efficient appliances like refrigerators, dishwashers, and light bulbs. 
3. **Remember, small changes add up:** Use energy-saving habits like switching off lights and electronics when not in use. This can contribute to substantial savings even during off-peak hours.",94.2
faa982d4-d6d4-4459-bcc1-cde3189cdb2c,23.0225,72.5714,2025-09-14 03:16:44.562389,167.94,60.82,"## Solar Forecast Actionable Advice:

**1. Peak Generation Time & Power:**

The peak generation time is 9:00 AM, meaning the solar energy generation will be at its highest at that time.

**2. Appliances to Run During Peak Hours:**

Run appliances like air conditioners, refrigerators, and dishwashers during the peak generation hours (9:00 AM - 12:00 PM) to maximize savings.

**3. Efficiency Tip:**

To further boost efficiency, consider using energy-efficient appliances and turning off lights and electronics when not in use.",94.2
04000d9d-86e0-46f6-9765-d8a6e1526039,23.0225,72.5714,2025-09-14 03:16:43.439936,153.79,56.33,"Sure, here's the actionable advice you requested:

**1. Peak generation time and power:** The peak power is 56331 Watts, occurring at 9:00 AM.

**2. Appliances to run during peak hours:** During the peak generation hour, focus on appliances with lower energy consumption, such as air conditioners, refrigerators, and lighting.

**3. Efficiency tip:** Ensure your air conditioner's Seasonal Setting is set to ""Summer"" to maximize its energy-efficiency during the peak generation hours.",94.2
eb40eaed-0497-4cc1-a5a6-d3b8bbaa3bc3,23.0225,72.5714,2025-09-14 03:16:42.812964,159.1,57.62,"## Solar forecast analysis for maximum savings

The peak power of 57620 Watts occurs at 9:00 AM, providing maximum energy generation potential. During this time, focus your energy savings on appliances with lower energy consumption.

One efficiency tip to maximize energy savings is to run air-conditioners or fans with LED light bulbs to conserve energy.",94.2
d1958331-bae0-4010-bb6c-52b29d23be7e,23.0225,72.5714,2025-09-14 02:56:29.214524,167.94,60.82,"Sure, here's the actionable advice you requested:

**1. Peak Generation Time and Power:**
The peak generation time is 8:00 AM, indicating that your solar energy system will generate its highest output then.

**2. Recommended Appliances:**
Run appliances like fans, air conditioners, and washing machines during peak generation hours to maximize energy savings.

**3. Efficiency Tip:**
Ensure your windows are closed during peak generation hours to prevent heat loss and further increase energy efficiency.",94.2
8d36ea3a-7bb2-4612-9e37-cb0bf597a395,23.0225,72.5714,2025-09-14 02:56:28.163422,153.79,56.33,"## Solar Forecast Analysis:

**Peak generation:** 56331 Watts occur at 8:00 AM.

**Focus during peak hours:** Run energy-efficient appliances like fans, air conditioners, and washing machines.

**Efficiency tip:** Consider adjusting your thermostat to save energy during the hottest parts of the day.",94.2
5b35b2d5-ffe1-4200-9868-7131e495c1e1,23.0225,72.5714,2025-09-14 02:56:27.809218,159.1,57.62,"## Solar Forecast Analysis

The peak power generation occurs at 8:00 AM, offering a lucrative opportunity to maximize your savings. For optimal efficiency, run your appliances with the highest energy consumption during this period, such as air conditioners, washing machines, and refrigerators. Additionally, consider using smart home devices to automate energy usage during peak hours. Remember to consult your appliance manual for specific operating instructions.",94.2
7cfb96c2-a601-477e-a825-dd9f717da089,23.0225,72.5714,2025-09-14 02:56:26.112002,159.1,57.62,"## Solar Forecast Insights:

**Peak generation time:** 8:00 AM.

**Top appliance recommendations:**
* Run your refrigerator during the peak generation period (8:00 AM) to maximize energy savings.
* Consider using appliances with high energy efficiency ratings (e.g., LED or CFL lights).

**Efficiency tip:**
* Check your appliances' standby power consumption and adjust your usage accordingly.",94.2
b2e483fd-64ce-4173-86a6-c8a6403494a1,23.0225,72.5714,2025-09-14 02:56:10.989757,167.94,60.82,"## Solar Forecast Analysis:

**Peak generation time:** 8:00 AM

**Key appliances to run during peak hours:**

* Air conditioner (if applicable)
* Washing machine
* Refrigerator

**Efficiency tip:**

Ensure your air conditioner is running at its most efficient (cooling) setting.",94.2
c9edca5f-aa28-4cf1-93ea-6ab02a259c00,23.0225,72.5714,2025-09-14 02:56:10.331020,153.79,56.33,"## Solar Forecast Insights

**Peak generation:** 56331 Watts at 8:00 AM.

**Top appliance suggestions:**

* **Kitchen appliances:** Use the stovetop and oven during peak generation hours (8:00 AM to 4:00 PM) to maximize savings.
* **Fans:** Run ceiling fans to circulate air and keep cool, reducing the need for air conditioning.

**Energy efficiency tip:**

* **Maximize window shading:** Block out sun rays by curtains or blinds during peak generation hours to prevent heat gain.",94.2
824c9183-5ef6-4092-8dc0-5699d57d70fe,23.0225,72.5714,2025-09-14 02:56:10.074022,159.1,57.62,"## Solar Forecast Insights

**Peak generation:** 57620 Watts will be reached at 8:00 AM.

**Actionable advice:**

1. **Run appliances like fans and air conditioners during peak generation (8:00 AM)** to maximize energy savings.
2. **Consider appliances with high energy efficiency ratings** as they will convert more sunlight into electricity.
3. **Practice energy-saving habits** like switching off lights and electronics when not in use.",94.2
b09f447c-539e-446a-90a0-2427dadcb906,23.0225,72.5714,2025-09-14 02:23:54.996636,98.74,37.55,"## Solar Forecast Analysis

Peak generation occurs at 11:00, with a peak power of 37554 Watts. This means the system generates its highest output at that time.

Two appliances that efficiently utilize solar power during peak hours are a refrigerator and a washing machine.

One efficiency tip to maximize solar savings is to adjust your thermostat settings slightly lower during peak hours, allowing the system to generate more electricity.",94.2
fd6971c8-0756-47ff-838e-35a82530a87c,23.0225,72.5714,2025-09-14 02:23:54.813088,107.82,40.69,"## Actionable Advice for Peak Solar Generation:

**1. Peak Generation Time & Power:** The peak generation occurs at 11:00 AM, highlighting the potential for high energy production during this time.

**2. Appliances to Run:** Focus on appliances with high power ratings like refrigerators, air conditioners, and TVs during peak hours.

**3. Efficiency Tip:** Consider using energy-efficient appliances and practices to maximize your savings and reduce your energy consumption, especially during peak generation periods.",94.2
5f95394a-50d3-4b53-b7ec-e72b67fa1edd,23.0225,72.5714,2025-09-14 02:23:53.589813,102.15,38.55,"## Solar Forecast Actionable Advice:

1. **Peak generation:** The peak power is achieved at 11:00 AM, meaning appliances with the highest energy demand will be running at their maximum capacity then.
2. **Run appliances:** During the peak generation hour, consider running your air conditioner, washing machine, and refrigerator to maximize energy savings.
3. **Efficiency tip:** Use energy-efficient appliances and ensure they are properly maintained to optimize their performance.",94.2
da9f3dd2-4dbb-4039-abcd-2b7dd2722ce3,23.0453,82.5714,2025-09-14 02:23:51.670379,68.09,28.32,"## Solar forecast analysis:

**Peak generation is at 11:00 am, reaching 28,323 Watts.** This is the ideal time to run appliances like fans, air conditioners, and other energy-hungry devices for maximum savings.

**Two appliance recommendations:**

1. Wash clothes during peak hours.
2. Use the solar-powered iron or dryer during the peak generation time.

**Additional efficiency tip:**

Maximize the efficiency of your home by scheduling appliances to run during off-peak hours (e.g., during the day).",94.2
a09beb26-70cf-4fa6-b722-ec62773236b8,23.0225,72.5714,2025-09-14 02:18:35.774291,98.74,37.55,"Sure, here's the actionable advice you requested:

**1. Peak Generation Time and Power:**

The peak power is at 37554 Watts at 11:00 AM. This is the highest point of the day's generation, so it's ideal to run appliances with the highest energy consumption at this time.

**2. Appliance Recommendations:**

Two appliances that would be ideal to run during peak hours are:

- Air conditioner
- Washing machine

**3. Efficiency Tip:**

To further maximize energy savings, consider using power strips and unplugging appliances when not in use.",94.2
de18a230-5aae-4cc4-aa02-8094bfacfeb9,23.0225,72.5714,2025-09-14 02:18:34.812578,102.15,38.55,"Sure, here's the actionable advice:

**1. Peak Generation Time and Power:**

The peak power is at 38547 Watts at 11:00 AM. This means that your solar panels will generate their maximum amount of energy at that time.

**2. Appliances to Run During Peak Hours:**

Run appliances such as fans, air conditioners, and washing machines during the peak generation hours of 11:00 AM to 2:00 PM. This will maximize your savings.

**3. Efficiency Tip:**

Ensure your appliances are properly rated for the power consumption they are intended to draw. Running inefficient appliances can reduce your savings.",94.2
8577e188-48d8-45c2-ae92-b28887c21a8c,23.0225,72.5714,2025-09-14 02:18:33.916776,107.82,40.69,"Sure, here's the actionable advice you requested:

1. **Peak Generation:** The peak generation time is 11:00 AM, meaning appliances will generate the most energy then.
2. **Appliance Recommendations:** Run your refrigerator and washing machine during peak generation hours.
3. **Efficiency Tip:** Consider installing a smart home energy management system that can identify and automate appliances during peak generation.",94.2
b05e6bbd-0cc5-4fb7-a1b9-e6c53ac67ae4,23.0225,72.5714,2025-09-14 02:03:50.083817,161.68,60.82,"## Actionable Advice for Peak Generation:

**1. Peak Generation Time and Power:**

The peak power occurs at 11:00 AM, reaching 60,821 Watts. This is the highest point in the day's generation.

**2. Appliances to Run During Peak Hours:**

Run appliances with high energy consumption during the peak hours (11:00 AM to 2:00 PM) such as air conditioners, refrigerators, and dishwashers.

**3. Efficiency Tip:**

Maximize your savings by using LED light bulbs throughout your home, which typically consume less energy and last longer than traditional bulbs.",94.2
521ed84c-4eb3-4440-9fdf-9c40822188b8,23.0225,72.5714,2025-09-14 02:03:48.524028,148.11,56.33,"## Solar Forecast Actionable Advice:

**1. Peak Generation:** The peak power of 56331 Watts occurs at 11:00 AM.

**2. Appliances to Run:** During peak hours, prioritize running your refrigerator and washing machine.

**3. Efficiency Tip:** Consider using energy-efficient appliances and optimizing your lighting during peak generation hours.",94.2
83c95fdc-0410-46da-9d17-97f776d8e69c,23.0225,72.5714,2025-09-14 02:03:48.198186,153.17,57.62,"Sure, here's the actionable advice for maximizing your solar savings:

1. **Peak Generation:** The peak power of 57620 Watts occurs at 11:00 AM.
2. **Run Appliances:** During this peak time, focus on appliances like refrigerators, washing machines, and air conditioners.
3. **Energy Efficiency:** Consider optimizing your appliance usage by turning them off when not in use.",94.2
e1e7530c-bdac-477e-8921-ad40d3f3720a,23.0453,82.5714,2025-09-14 02:03:46.265208,102.19,42.33,"**Peak generation time is 11:00 AM.**

Running appliances like fans, air conditioners, and dishwashers during this peak hour can significantly increase your savings.

**Try running essential appliances like lights and appliances during peak hours.**

**Tip:** Ensure your appliances are properly rated for safe operation during extended use.",94.2
30d90463-40d0-4c59-a476-10a986d3b6bf,23.0225,72.5714,2025-09-14 01:49:04.149114,161.68,60.82,"**Peak generation is at 10:00 AM, making it ideal to run appliances like air conditioners, refrigerators, and washing machines during this time.**

**Consider lighting options like LED lamps to further reduce energy consumption.**

**Efficiency tip: Check the appliance's energy star rating and use it accordingly to maximize its energy efficiency.**",94.2
c9efe0cc-af21-4c74-9db8-d15a00c72d67,23.0225,72.5714,2025-09-14 01:49:03.396421,153.17,57.62,"## Solar Forecast Analysis:

**Peak Generation Time & Power:** 10:00 AM

**Actionable Advice:**

1. **Maximize energy production by running appliances with the highest energy efficiency during peak hours (10:00 AM)**. This could include air conditioners, refrigerators, and washing machines.
2. **Consider appliances with high energy-efficiency ratings** such as refrigerators, LED lights, and induction cooktops.
3. **Keep windows closed during peak hours** to prevent heat loss and improve energy efficiency.",94.2
fe8d99a6-3bcd-45c8-91eb-b91ae96561e9,23.0225,72.5714,2025-09-14 01:49:03.144372,148.11,56.33,"**Peak generation time is 10:00 AM.** The peak power is 56331 Watts, so you can expect maximum energy production around that time.

**Focus on appliances with high energy consumption during peak hours:**
* Dishwashers
* Washing machines
* Air conditioners

**Efficiency tip:**
* Check your appliance's energy star rating and ensure it's set to ""Energy Star."" This certification ensures efficient operation, reducing energy waste.",94.2
4dd76943-15ff-4d66-a420-01644d9ae0c2,23.0225,72.5714,2025-09-14 01:39:49.414589,98.74,37.55,"Sure, here's the actionable advice you requested:

**1. Peak generation time and power:**

The peak power is 37554 Watts, occurring at 10:00 AM.

**2. Appliances to run during peak hours:**

- Appliances using the most energy during peak hours are typically air conditioners, refrigerators, and ovens.

**3. Efficiency tip:**

- During peak hours, consider using appliances that are energy-efficient, such as LED lights and energy-efficient appliances.",94.2
726673e0-7d26-4e44-a3d2-1305fb3fbf7a,23.0225,72.5714,2025-09-14 01:39:48.637552,102.15,38.55,"## Solar Forecast Analysis

**Peak generation time:** 10:00 AM

**Peak power:** 38547 Watts

**Estimated savings:** ₹715.05

**Actionable advice:**

* **Run appliances with high energy efficiency during peak generation hours (10:00 AM)**. This could include your refrigerator, air conditioner, and washing machine.
* **Consider installing smart home devices that can be controlled remotely** to further reduce energy consumption during peak hours.
* **Maximize your home's solar energy potential by checking for any additional rebates or incentives from your local utility company.**",94.2
2e2b54d7-fac6-4b77-a665-ee044480a116,23.0225,72.5714,2025-09-14 01:39:47.869244,107.82,40.69,"**Peak generation time is 10:00 AM.**

Running appliances like your refrigerator, TV, and air conditioner during this peak hour can maximize your savings.

**One efficiency tip is to adjust your lighting and electronics settings to be more energy-efficient during peak hours.**",94.2
7a43624c-9273-460c-b12a-2b6976973e2f,33.0224,72.575,2025-09-14 01:39:45.997405,293.77,79.82,"Sure, here's the actionable advice you requested:

1. **Peak generation time and power:** The peak power generation is at 7:00 AM. This means your solar panel will generate its highest output during this period.
2. **Appliance suggestion:** During peak hours, run your appliances that use the least amount of energy, such as your refrigerator, washing machine, and lights.
3. **Efficiency tip:** Check your appliance's energy efficiency label and make sure it's labeled with the Energy Star program. This label signifies that the appliance meets strict energy-efficiency standards.",94.2
4a9eabc6-b168-41e6-8998-f00216474671,23.0225,72.5714,2025-09-14 01:36:52.232901,107.82,40.69,"## Solar Forecast Insights

The peak power generation is achieved at 10:00, meaning appliances will be drawing maximum energy at that time. 

Given the high peak power, focusing on appliances like air conditioners and refrigerators would be optimal during peak hours. Additionally, consider using energy-efficient appliances to maximize savings.

**Tip:** A smart power strip could automate appliance usage, ensuring they turn off when not actively needed.",94.2
85094ad1-f102-4a6d-8767-948e8bd46db1,23.0225,72.5714,2025-09-14 01:36:51.335261,98.74,37.55,"## Solar Forecast Analysis:

**Peak Generation:** 37554 Watts occurring at 10:00 AM.

**Actionable Advice:**

1. **Run appliances** such as fans, air conditioners, and washing machines **during peak generation hours (10:00 AM - 2:00 PM)**. 
2. **Reduce unnecessary energy consumption** by using energy-efficient appliances and practices during these peak generation hours.
3. **Explore additional solar energy solutions** like solar panels installed on your home or business.",94.2
90f721c6-ff37-42aa-9f67-22e8e7a79d3e,23.0225,72.5714,2025-09-14 01:36:51.022327,102.15,38.55,"Sure, here's the actionable advice for maximizing your energy savings during peak generation:

1. **Peak Power is at 10:00 AM.** During this time, appliances like refrigerators and air conditioners run most intensely, so using them during this period can significantly impact your savings.


2. **Run your appliances during the early hours of the day (around 7:00 AM) or late afternoon (around 5:00 PM)** when demand is lower.


3. **Consider energy-efficient appliances** when replacing your old ones. This will help you further reduce your energy consumption.",94.2
425ce3ac-c7fc-493e-b46c-238921ca208c,23.0224,72.575,2025-09-14 01:36:48.577406,148.12,55.89,"**Peak generation time and power:** The peak generation occurs at 10:00 AM, with a peak power of 55894 Watts.

**Actionable advice:**

* Run appliances like air conditioners, refrigerators, and ovens during peak hours (10:00 AM - 2:00 PM) to take advantage of the extra generation.
* Use smart appliances that can be controlled remotely to minimize energy waste during peak hours.
* Consider installing energy-efficient appliances and lighting solutions to reduce your overall energy consumption.",94.2
b9e9785f-cb4f-41de-8309-90d2d0046319,23.0225,72.5714,2025-09-14 01:36:34.423519,107.82,40.69,"## Solar Forecast Analysis

**Peak generation time is 10:00 AM.** The peak power is 40,689 Watts, meaning appliances will draw the most energy at this time.

**Here are 2 actionable suggestions:**

1. **Run your AC and appliances with high energy efficiency during peak hours (10:00 AM to 2:00 PM)**. Look for energy Star-certified appliances.
2. **Implement a smart home solution** that controls appliances remotely. This can help you optimize energy usage during peak generation.
3. **Check your insulation levels at home** as inefficient insulation can significantly reduce energy efficiency, even with solar energy.",94.2
5479cbbc-de77-403c-afe5-a0bbb119b862,23.0225,72.5714,2025-09-14 01:36:33.470339,98.74,37.55,"## Solar Forecast Analysis

**Peak generation time:** 10:00 AM

**Peak power:** 37554 Watts

**Estimated savings:** ₹691.16

**Actionable advice:**

* During the peak generation hour (10:00 AM), focus on appliances with high energy efficiency ratings, such as:
    * Air conditioners
    * Refrigerators
    * Dishwashers
* Take advantage of any available rebates or discounts on energy-efficient appliances.
* Implement simple practices to further reduce your energy consumption, such as turning off lights and appliances when not in use.",94.2
be337e4d-ccaf-42ee-b1c1-422ff86822a4,23.0225,72.5714,2025-09-14 01:36:32.419085,102.15,38.55,"## Solar Forecast Analysis

Peak generation occurs at 10:00 AM, with a peak power of 38547 Watts. This means your solar energy system will generate the most power then.

Two efficient appliances that you could run during peak hours are your air conditioner and your washing machine.

To further increase your savings, consider using energy-efficient appliances and adjusting your lighting to be off during peak hours.",94.2
c727b47d-8d3b-480e-8957-2650865a156d,23.0224,72.5719,2025-09-14 01:36:30.479164,148.12,55.89,"## Actionable Advice:

1. **Peak generation time & power:** The peak generation is at 10:00 AM, with a peak power of 55894 Watts. This is ideal for appliances like air conditioners, washing machines, and dishwashers.
2. **Run these appliances during peak hours:** During the peak generation period, utilize appliances like air conditioners, washing machines, and dishwashers to maximize your savings.
3. **Efficiency tip:** Consider using energy-efficient appliances and adjusting your HVAC settings to ensure optimal energy efficiency during peak generation hours.",94.2
9c2b0241-f6c9-4ce5-aca2-dc82a0a86c7d,23.0225,72.5714,2025-09-14 01:35:50.465352,98.74,37.55,"## Solar Forecast Actionable Advice:

**1. Peak Generation:** The peak power of 37554 Watts occurs at 10:00 AM.

**2. Appliance Suggestions:** Run your air conditioner or washing machine during peak hours (10:00 AM - 2:00 PM) to capitalize on the extra energy production.

**3. Efficiency Tip:** Ensure your appliances are properly calibrated to maximize energy efficiency and reduce unnecessary energy consumption.",94.2
38d69194-37a8-489f-b603-e6fa0df8e652,23.0225,72.5714,2025-09-14 01:35:49.554302,107.82,40.69,"## Solar Forecast Actionable Advice:

**1. Peak Generation:** The peak power generation is at 40689 Watts at 10:00 AM. This is the highest output throughout the day.

**2. Appliance Recommendations:** During peak hours, focus on appliances like air conditioners, refrigerators, and dishwashers. Running these appliances will contribute to maximizing savings.

**3. Efficiency Tip:** Monitor your home's energy consumption throughout the day and try to adjust your routine to run appliances during off-peak hours whenever possible.",94.2
5b50cf4d-6256-46b3-a638-8a450531daa7,23.0225,72.5714,2025-09-14 01:35:49.103245,102.15,38.55,"Sure, here are the actionable advice for the solar forecast:

1. **Peak generation time and power:** The peak power is at 10:00, so appliances with the highest power requirements are most likely to generate the most energy during that time.
2. **Appliance suggestions:** Run your appliances like air conditioners, refrigerators, and dishwashers during the peak generation hours (10:00 - 16:00) to optimize energy savings.
3. **Efficiency tip:** Ensure your appliances are properly installed and maintained to maximize their efficiency.",94.2
05ff0f0d-bd92-420c-a860-0862e77e14a1,23.0225,72.5714,2025-09-14 01:35:46.712905,148.12,55.89,"## Solar Forecast Actionable Advice:

**1. Peak Generation:** The peak generation is at 10:00 AM, offering the highest energy generation potential.

**2. Peak Appliance Suggestions:** Run your appliances with the highest energy demand during the peak hours, such as air conditioners, refrigerators, and washing machines.

**3. Efficiency Tip:** To further maximize savings, consider using smart power strips or timers to control your appliances and reduce energy waste.",94.2
0273a9bd-e76f-49cb-8611-bef506f7d71d,23.0225,72.5714,2025-09-14 01:30:20.848813,107.82,40.69,"**Peak generation time and power:** 10:00 AM.

**Top appliance suggestion:** Run your air conditioner during peak hours (10:00 AM - 4:00 PM) to maximize energy savings.

**Efficiency tip:** Consider adjusting your lighting schedule to utilize natural light during the day and avoid unnecessary appliances during peak generation hours.",94.2
3c9e056d-30d3-45cf-ab25-1bd12e1b8b99,23.0225,72.5714,2025-09-14 01:30:20.247081,98.74,37.55,"## Solar forecast analysis for your home:

**Peak generation time is 10:00 AM.**

During this time, the peak power consumption is 37,554 Watts. To maximize savings, run appliances with lower power consumption during this peak generation period. Additionally, consider increasing your window size to allow more sunlight and reduce reliance on the electricity grid.

**One efficiency tip:** Use appliances with high energy efficiency ratings to minimize energy waste even further.",94.2
300583a8-be38-4b14-972c-b34125176fed,23.0225,72.5714,2025-09-14 01:30:19.776439,102.15,38.55,"## Actionable Advice for Peak Generation:

1. **Peak generation is at 10:00 AM, so optimize appliances that use the most energy during this timeframe.**
2. **Focus on appliances like air conditioners, refrigerators, and washing machines.** These devices draw significant power during peak hours.
3. **Apply a 15-20% energy-saving tip by turning off appliances completely during peak generation.** This small sacrifice can significantly reduce your electricity bill and peak generation impact.",94.2
a7f6eac3-589f-4cb9-a9fd-f4cd5b47bbff,23.0225,72.5714,2025-09-14 01:30:17.602925,148.12,55.89,"## Solar Forecast Analysis

**Peak generation time is 10:00 AM.** This means your home will generate the most energy at this time.

**Run the following appliances during peak hours:**

* Washing machine
* Refrigerator
* Air conditioner

**One efficiency tip to maximize your savings:**

* Use energy-efficient appliances and turn them off when not in use.",94.2
2b8d4c2a-7d5f-49c0-99b9-f6cf3b3dd5f9,23.0225,72.5714,2025-09-14 01:22:02.211551,98.74,37.55,"**Actionable Advice:**

- Peak generation is at 10:00 AM, so plan your day around generating maximum energy.
- Run your refrigerator and washing machine during peak hours (10:00 AM to 2:00 PM) to maximize energy savings.
- Use energy-efficient appliances to further reduce your electricity consumption.",94.2
2e6b2b93-8cac-41c7-a9fe-ed3943dd03cc,23.0225,72.5714,2025-09-14 01:22:01.839528,107.82,40.69,"## Solar Forecast Actionable Advice:

**Peak generation is at 10:00 AM, making it the perfect time to run appliances with high energy efficiency.** Consider running your dishwasher, washing machine, or refrigerator during this period. Additionally, taking a shower or running your air conditioner for short periods will also help maximize your savings.

**Tip:** Ensure your windows are closed to prevent heat loss during peak generation.",94.2
d98447b6-4237-4daf-82ef-8e163840766f,23.0225,72.5714,2025-09-14 01:22:01.063499,102.15,38.55,"## Solar Forecast Analysis:

**Peak generation time and power:** 10:00 AM.

**1 appliance to run during peak hours:** Your air conditioner.

**Efficiency tip:** Optimize your home's energy usage by running appliances like the AC during off-peak hours (e.g., between 6 PM and 9 PM).",94.2
50bb5d00-93ae-4698-9d4d-999d221a5b5e,23.0225,72.5714,2025-09-14 01:21:59.436973,102.15,38.55,"## Solar Forecast Insights:

- **Peak Generation:** The peak power is 38547 Watts at 10:00 AM.
- **Appliance suggestions:** Run your appliances like fans and air conditioners during the peak generation time, from 10:00 AM to 2:00 PM.
- **Efficiency tip:** Maximize energy savings by installing a smart power strip that automatically shuts off electronics when not in use.",94.2
adf261a3-1673-4831-83c5-5af7d2657b15,23.0225,72.5714,2025-09-14 01:20:55.374669,98.74,37.55,"## Solar Forecast Analysis:

**Peak generation time:** 10:00 AM

**Peak power:** 37554 Watts

**Estimated savings:** ₹691.16

**Actionable advice:**

1. **Run appliances with the highest energy efficiency during peak hours:** This could be your air conditioner, refrigerator, or washing machine.
2. **Adjust your daily schedule:** Schedule more energy-intensive tasks like laundry during off-peak hours.
3. **Consider installing smart home devices:** These can help automate energy consumption and provide insights into your energy usage.",94.2
fdf86ed0-f4ae-4bf8-96a0-0a0adbbad5ad,23.0225,72.5714,2025-09-14 01:20:53.806974,102.15,38.55,"**Peak Generation:** The solar power generation reaches a staggering 38,547 Watts at 10:00 AM.

**Actionable Recommendations:**

1. Run your air conditioner or refrigerator during the peak generation hours (10:00 AM - 2:00 PM) to maximize energy savings.

2. Consider using appliances with lower energy consumption during peak hours to further reduce your electricity bill.

3. Keep your windows closed during peak generation hours to prevent heat loss and maintain a cool environment inside your home.",94.2
6ccb6d30-954d-437b-810b-e091af521eda,23.0225,72.5714,2025-09-14 01:20:53.741979,107.82,40.69,"## Solar Forecast Actionable Advice:

**Peak Generation Time & Power:** 10:00 AM. This is the peak generation time, meaning the highest amount of energy generated by the solar panel system.

**Appliance Recommendations:** Run your appliances like air conditioners, refrigerators, and washing machines during the peak generation period between 8:00 AM and 10:00 AM. This will maximize energy savings.

**Efficiency Tip:** Ensure your appliances are at full capacity and set their timers to automatically switch off during peak generation hours.",94.2
dd2c52de-6bcb-4ddb-911e-3ba676cba4f2,23.0225,72.5714,2025-09-14 01:20:51.905374,107.82,40.69,"**Peak generation time is 10:00 AM.** During this time, the peak power generation is 40689 Watts. 

**Run appliances like fans and air conditioners during peak hours (10:00 AM - 1:00 PM) to maximize energy savings.** Additionally, consider using energy-efficient appliances to further reduce your electricity consumption.

**Tip:** Optimize your home's insulation to minimize heat loss during the day and keep your home cool, reducing the need for additional energy usage.",94.2
398c3616-1909-40a3-a0f5-cc7003b3aebd,23.0225,72.5714,2025-09-14 01:20:51.317947,98.74,37.55,"## Solar Forecast Analysis:

**Peak generation is at 10:00 AM with a peak power of 37,554 Watts.** This means your solar panels will generate the most energy during this hour.

**Focus your energy consumption during peak hours** for maximum savings. Consider running your appliances like fans, air conditioners, and washing machines during these peak generation periods.

**Another efficiency tip:** Check the weather forecast for the day and adjust your appliances accordingly. Run them during periods with lower energy generation like the early morning or late afternoon.",94.2
d6d265d5-6836-4899-b992-43b4a3b6e3df,23.0225,72.5714,2025-09-14 01:20:50.213859,102.15,38.55,"**Peak generation time is 10:00 AM.**

Run your appliances with the highest energy consumption during this period, such as air conditioners, refrigerators, and ovens.

**One efficiency tip to maximize savings:** Use light bulbs that emit cool light.",94.2
c2c207fe-87d8-4c2d-984f-c8a59155e533,23.0225,72.5714,2025-09-14 01:20:47.974338,137.5,52.58,"## Solar Forecast Analysis

**Peak generation time and power:** 10:00 AM.

**Actionable advice:**

1. Run air-conditioning or fans to cool your home during peak hours (10:00 AM to 4:00 PM) as it will be generating the most energy.

2. Consider using appliances with lower energy consumption during peak hours. Some kitchen appliances, like refrigerators and washing machines, are energy-efficient during these times.

3. Keep your windows closed during peak hours to prevent heat loss and maintain cooler indoor temperatures.",94.2
d3b98a50-8128-40d7-9c6b-b29cb4239b67,23.0225,72.5714,2025-09-14 01:20:41.679065,107.82,40.69,"## Solar Forecast Actionable Advice

**1. Peak Generation:** The peak power of 40,689 Watts occurs at 10:00 AM.

**2. Appliance Recommendations:** Run your appliances like fans and air conditioners during peak hours from 9:00 AM to 10:00 AM.

**3. Efficiency Tip:** Consider adjusting your lighting schedule to avoid unnecessary energy usage during peak hours.",94.2
58e26c51-0ece-4b77-92e1-a7e7f3325d9d,23.0225,72.5714,2025-09-14 01:20:40.635102,98.74,37.55,"## Solar Forecast Insights:

**Peak generation:** 10:00 AM, reaching 37554 Watts. This is the time for maximum energy generation.

**Suggested appliances:** Run your appliances with higher energy consumption during peak hours. Examples include air conditioners, refrigerators, and washing machines.

**Efficiency tip:** Use appliances with high energy efficiency ratings. This reduces unnecessary energy waste.",94.2
9887473e-b0a5-4ef0-9a75-fa2d5d9e8792,23.0225,72.5714,2025-09-14 01:20:40.471600,102.15,38.55,"Sure, here are the actionable advice for your solar forecast:

**1. Peak Generation:** The peak power is 38547 Watts at 10:00 AM.

**2. Appliances for Peak Hours:** Run your air conditioner, refrigerator, and washing machine during the peak generation hours (10:00 AM - 2:00 PM).

**3. Efficiency Tip:** Use energy-efficient appliances and turn off lights and electronics when not in use.",94.2
a00c7167-57b6-4dfd-a82a-2b9095963d49,23.0225,72.5714,2025-09-14 01:20:38.361069,152.12,57.6,"## Solar Forecast Actionable Advice

**Peak generation time is 10:00 AM.** This means that solar energy production will be at its highest during this period.

**Run your appliances with the highest energy demand during peak hours:**
* Wash clothes and dishes during midday.
* Take a midday walk or run errands.
* Use your refrigerator and oven to their lowest possible settings.

**One efficiency tip:**
* Adjust your lighting to be more efficient, especially during the midday hours when solar energy production is highest.",94.2
1ef70088-4456-4c6e-bb93-ed689bccc8f1,23.0225,72.5714,2025-09-14 01:20:35.472412,102.15,38.55,"## Solar Forecast Analysis:

**Peak Generation Time:** 10:00 AM

**Peak Power:** 38547 Watts

**Estimated Savings:** ₹715.05

**Actionable Advice:**

1. **Run appliances with high energy efficiency during peak generation hours:** This means air conditioners, TVs, computers, and anything that uses a lot of power.
2. **Consider using a smart home device to automate appliance operation:** This can save energy and prevent unnecessary usage during peak hours.
3. **Upgrade to more energy-efficient appliances:** This is the most significant way to significantly reduce your energy consumption.",94.2
28c501fc-120a-41ba-be0c-d09579ef4374,23.0225,72.5714,2025-09-14 01:20:33.719143,98.74,37.55,"**Peak generation time and power:** The peak generation time is 10:00, meaning the solar energy production is at its highest during that hour.

**Recommendations:**

- Run appliances with high energy efficiency during the peak generation hours (10:00 AM - 2:00 PM).
- Consider using appliances with LED lights or energy-efficient appliances.
- Ensure your air conditioning system is adequately cooled to avoid peak energy consumption.",94.2
38f6a1a5-f0e7-4633-91df-3a54a789ed9a,23.0225,72.5714,2025-09-14 01:20:33.691500,107.82,40.69,"Sure, here's the actionable advice you requested:

**1. Peak generation time and power:** The peak power generation is at 40689 Watts at 10:00.

**2. Recommended appliances:** Run air conditioning, washing machine, and refrigerator during peak hours.

**3. Efficiency tip:** Consider installing a smart power strip to monitor and control your appliances remotely, reducing energy waste while you're not using them.",94.2
4a2b2dbd-cc1d-4d43-8690-10e8e2d045b0,23.0225,72.5714,2025-09-14 01:20:31.009809,150.68,57.17,"**Sure, here's the analysis and actionable advice for the solar forecast:**

**1. Peak Generation Time and Power:**
The peak generation time is at 10:00 AM, meaning your home will generate the most energy then. The peak power is 57174 Watts, so be aware that appliances will draw more power during this period.

**2. Appliance Recommendations:**
- Run energy-efficient appliances like computers, TVs, and appliances with LED light bulbs.
- Check your refrigerator and air conditioner settings to avoid leaving them on constantly.

**3. Efficiency Tip:**
- Consider installing a programmable thermostat to automatically adjust your heating and cooling settings based on the weather and your energy consumption patterns.",94.2
613c202c-a60d-4d9e-a746-4e1a5d162ff1,23.0225,72.5714,2025-09-14 01:20:24.180563,98.74,37.55,"## Solar Forecast Analysis:

**Peak generation time:** 10:00 AM.

**Recommended appliances:**
* Laundry (especially during the late afternoon)
* Air conditioner (if not heavily utilized)

**Efficiency tip:**
Always ensure your panels are cleaned regularly for maximum efficiency.",94.2
480f406e-4caf-4170-a42e-0be9aba58b5c,23.0225,72.5714,2025-09-14 01:20:23.537787,107.82,40.69,"## Solar Forecast Analysis

The peak generation time is 10:00, meaning the solar power generation will be at its highest that day. Due to the significant peak power (40,689 Watts), prioritize running appliances with high energy demand during these peak hours. For example, washing clothes or running a dishwasher would be optimal. Additionally, consider using energy-efficient appliances to further reduce your energy consumption.",94.2
c4e76f47-70fc-4e9a-9a29-bd7f63356fa9,23.0225,72.5714,2025-09-14 01:20:23.335495,102.15,38.55,"## Solar Forecast Analysis

**Peak generation:** 38547 Watts will be reached at 10:00 AM.

**Appliance recommendations:**

* Run your refrigerator and washing machine during peak generation hours (10:00 AM to 2:00 PM).
* Consider air-drying clothes instead of using an electric dryer.

**Efficiency tip:**

Ensure your appliances are well-maintained and have optimal settings to maximize their energy efficiency during peak generation.",94.2
69f7030a-8776-4f13-8bae-4ce089848406,23.0225,72.5714,2025-09-14 01:20:21.238542,150.68,57.17,"## Solar forecast analysis:

**Peak generation:** 57174 Watts occurs at 10:00 AM.

**Focus on peak hours:**

* Run appliances with high energy demand during these peak hours:
    * Air conditioners
    * TVs
    * Dishwashers
    * Washing machines
* Consider adjusting other appliances based on your needs.
* Use energy-efficient alternatives whenever possible.

**Efficiency tip:**

Check your appliances' energy efficiency labels. Running them at their highest energy efficiency reduces your energy consumption and lowers your bills.",94.2
48d9fbc1-01b1-4578-9c5d-ffbce1647aaf,23.0225,72.5714,2025-09-14 01:17:21.296634,107.82,40.69,"Sure, here's the actionable advice you requested:

**1. Peak generation time and power:** Peak generation occurs at 10:00 AM, with a peak power of 40,689 Watts.

**2. Appliances to run during peak hours:** During the peak generation period, appliances with high energy consumption like air conditioners, refrigerators, and washing machines should be turned off to avoid exceeding the generation capacity.

**3. Efficiency tip:** Use energy-efficient appliances and ensure your lights are properly dimmed to maximize energy savings even when the sun is shining.",94.2
3282803a-b618-4302-8bd1-8a93e0adbec0,23.0225,72.5714,2025-09-14 01:17:20.479885,98.74,37.55,"Sure, here are the actionable recommendations for your solar forecast:

1. **Peak generation time and power:** The peak power is at 10:00 AM, so focus on running appliances with high power requirements during that time.

2. **Appliance suggestions:** During the peak generation hour, prioritize appliances like refrigerators, washing machines, and air conditioners.

3. **Efficiency tip:** Make sure to adjust your lighting settings to conserve energy during the evening when the sun sets and peak generation is reduced.",94.2
d3eb0b18-8ef5-431d-8765-5eb153c98519,23.0225,72.5714,2025-09-14 01:17:19.577018,102.15,38.55,"**Peak generation time is 10:00 AM.** This is the peak power generation time, meaning your home will be using the most energy.

**Run appliances like fans and air conditioners during peak hours.** This will help lower your energy bill and make the most of the available solar energy.

**Try using energy-efficient appliances and lighting during peak hours.** This will reduce your energy consumption further.",94.2
207f6bf3-39ec-4152-98bf-b843212c2a93,23.0225,72.5714,2025-09-14 01:17:17.732760,150.68,57.17,"Sure, here's the actionable advice you requested:

1. Peak generation occurs at 10:00 AM, with a peak power of 57174 Watts.
2. During peak hours, run appliances like air conditioners, refrigerators, and washing machines.
3. To further increase energy efficiency, consider using energy-efficient appliances and implementing simple habits like turning off lights and appliances when not in use.",94.2
87ee9018-1c8f-4c58-bac8-f269cedefe8d,23.0225,72.5714,2025-09-14 01:09:58.258143,107.85,40.69,"## Solar Forecast Actionable Advice

**Peak generation time:** 10:00 AM

**Key appliance suggestions:**
* Air conditioner (run cooling during peak hours)
* Refrigerator (run with the door open during peak hours)

**Efficiency tip:**
* Check the appliance's energy efficiency rating and adjust your usage accordingly.",94.2
460a57d4-c044-4a5b-b28a-2f8477b705c3,23.0225,72.5714,2025-09-14 01:09:57.387763,98.76,37.55,"**Sure, here's the actionable advice:**

1. The peak generation time and power are 10:00 AM and 37554 Watts, respectively.
2. During peak hours, run appliances that use less energy, such as your refrigerator, dishwasher, and washing machine.
3. One efficiency tip is to check your appliances' Energy Star certifications and choose energy-efficient models whenever possible.",94.2
b4a92aff-0ab0-4f17-bbda-e876a98f9da3,23.0225,72.5714,2025-09-14 01:09:57.306125,102.17,38.55,"## Solar Forecast Analysis

**Peak generation time:** 10:00 AM

**Peak power:** 38547 Watts

**Estimated savings:** ₹715.20

**Actionable advice:**

* Run appliances with the highest energy consumption during peak hours (10:00 AM) such as air conditioners, refrigerators, and ovens.
* Check your appliances' energy labels to identify high-energy devices.
* Implement energy-saving habits to further reduce your electricity bill.",94.2
a1a3e1e1-ae86-406a-9f05-1ebbe6281cc5,23.0225,72.5714,2025-09-14 01:09:55.008296,153.26,57.82,"**Peak generation time is 10:00, making it a prime time to run high-power appliances such as air conditioners, refrigerators, and washing machines.**

**For maximum savings, consider using energy-efficient appliances or appliances that can run during off-peak hours.**

**One efficiency tip is to check your appliances' standby power consumption and adjust your usage accordingly.**",94.2
5af8606a-dd80-4d4f-b725-db4ae8bdd0b0,23.0225,72.5714,2025-09-14 01:09:09.920717,98.76,37.55,"## Solar Forecast Actionable Advice

**Peak generation is at 10:00 AM, so maximize energy output by running appliances:**

* **Focus on appliances with high power ratings:** TVs, computers, and hairdryers are good choices.
* **Run washing machines and dishwashers during off-peak hours.**
* **Consider implementing an energy-saving program:** Switch to LED light bulbs and invest in smart power strips.",94.2
dd002cce-c5b0-4101-b32d-08c2d8c38006,23.0225,72.5714,2025-09-14 01:09:09.618740,102.17,38.55,"Sure, here's the actionable advice based on the solar forecast:

**1. Peak Generation Time and Power:**

The peak generation time is 10:00 AM, and the peak power is 38547 Watts.

**2. Appliance Recommendations:**

During the peak generation hour, consider running appliances like air conditioners, refrigerators, and washing machines.

**3. Efficiency Tip:**

One efficiency tip to maximize energy savings is to use LED light bulbs. LED bulbs consume much less energy than traditional incandescent bulbs while producing the same amount of light.",94.2
ea32fca7-badf-4740-a8fc-cccf76275699,23.0225,72.5714,2025-09-14 01:09:08.560513,107.85,40.69,**Peak generation time is 10:00 AM.** Generate power using appliances with high energy efficiency during this time. One tip is to run your air conditioner or refrigerator during the cooler morning and evening hours.,94.2
72d723a5-a99b-49bf-be1e-1224e3cc3d17,23.0225,72.5714,2025-09-14 01:09:06.375034,153.26,57.82,"## Solar Forecast Analysis

**Peak generation time and power:** 10:00 AM, with a peak power of 57821 Watts.

**Top appliance suggestions:**

1. **Washing machine:** Use it during its off-peak hours (before 10:00 AM and after 5:00 PM).
2. **Refrigerator:** Keep it running during off-peak hours (between 6:00 PM and 10:00 PM).

**Efficiency tip:**

- Ensure your appliances are properly labeled with their energy efficiency ratings. Using energy-efficient appliances can significantly boost your savings.",94.2
9b6c1533-cd40-4a2f-87a2-8c2b7cab9207,23.0225,72.5714,2025-09-14 01:04:27.973579,107.85,40.69,"## Solar forecast analysis:

**Peak generation time:** 10:00 AM

**Peak power:** 40,689 Watts

**Estimated savings:** ₹754.94

**Actionable advice:**

1. **Run your appliances:** During the peak generation hour (10:00 AM), focus on appliances with high energy efficiency ratings like air conditioners, refrigerators, and washing machines.
2. **Consider smart power solutions:** Implement smart power strips or thermostats that automatically adjust power consumption based on real-time conditions.
3. **Maximize window coverage:** Ensure your windows are clean and optimize their orientation to maximize solar panel exposure.",94.2
ad403f97-e6d9-4343-8075-f68befc6e0eb,23.0225,72.5714,2025-09-14 01:04:25.030596,98.76,37.55,"## Solar Forecast Analysis

Peak generation time is 10:00, meaning the solar energy output will be at its highest. This presents a great opportunity to maximize energy production by running appliances like fans, air conditioners, and washing machines during this period.

For optimal efficiency, consider using air-cooling appliances and scheduling other energy-intensive tasks during the off-peak hours. Additionally, utilizing smart power management can help optimize energy consumption during peak generation.",94.2
daa066ab-b287-4569-b58f-3ce6b6f38271,23.0225,72.5714,2025-09-14 01:04:23.907334,98.76,37.55,"**Peak generation time is 10:00 AM.**

During this time, your home will generate the most energy, so you could run appliances like fans, air conditioners, and washing machines.

**Consider running your refrigerator and dishwasher during peak hours.**

**One efficiency tip to maximize energy savings is to use LED light bulbs throughout your home.**",94.2
17733c8e-9cdd-4d52-9b76-cb21b0de94cc,23.0225,72.5714,2025-09-14 01:04:22.275498,102.17,38.55,"**Peak generation is at 10:00 AM, reaching 38547 Watts.** Running appliances like air conditioners, washing machines, and refrigerators during this peak time can maximize energy savings. Additionally, ensuring appliances are running at peak efficiency will further boost energy efficiency.

**Tip:** Consider using LED lighting, which is much more energy efficient than traditional incandescent lighting.",94.2
afeb42cd-b0c1-4249-a4b2-2ad80a571873,23.0225,72.5714,2025-09-14 01:03:38.637432,107.85,40.69,"## Solar Forecast Actionable Advice

**Peak generation time:** 10:00 AM

**Focus on:**

* Appliances that use the most energy at that time (e.g., air conditioners, appliances).
* Reduce energy consumption by turning off lights and appliances when not in use.

**Efficiency tip:**

* Ensure your air conditioner is properly sized and maintained to optimize energy efficiency.",94.2
e7e76dc5-109f-41e5-a3ee-0de6c44691da,23.0225,72.5714,2025-09-14 01:03:38.583293,98.76,37.55,"Sure, here's the actionable advice you requested:

**1. Peak generation time and power:** The peak generation time and power are 10:00 AM, indicating that solar energy generation will be at its highest during that time.

**2. Appliance recommendations:** During peak hours, appliances such as air conditioners, refrigerators, and washing machines will be running at full capacity, consuming maximum energy from the solar system.

**3. Efficiency tip:** To maximize the efficiency of your solar energy system, consider using appliances with LED (light-emitting diode) bulbs, as they consume significantly less energy compared to traditional incandescent bulbs.",94.2
88d8510e-74a5-4afc-9452-42a179584151,23.0225,72.5714,2025-09-14 01:03:37.320239,102.17,38.55,"## Solar Forecast Actionable Advice:

**Peak generation:** 38547 Watts occurs at 10:00 AM. This is the peak power generation time for the day.

**Appliance recommendations:** Run your appliances with the highest energy consumption during peak hours:
* Washers and dryers
* Air conditioners
* Refrigerators

**Efficiency tip:** Use energy-efficient appliances and maximize their use during peak generation hours.",94.2
092fa72c-fc13-4956-85d5-d09f40675d2b,23.0225,72.5714,2025-09-14 01:03:35.333332,153.26,57.82,"## Solar Forecast Analysis

**Peak generation time: 10:00 AM**

This forecast shows that peak power generation will occur at 57821 Watts at 10:00 AM. This is a great opportunity to maximize energy savings by running appliances with the highest energy production potential during this time.

**Two appliance recommendations:**

1. **Washing machine:** This appliance has the highest energy production potential around noon.
2. **Air conditioner:** Running air conditioners during the peak generation period can significantly reduce your cooling needs.

**Efficiency tip:**

Maximize your solar savings by using energy-efficient appliances and lighting during peak generation hours.",94.2
f73d84a1-3c2a-48fd-a2ed-9ffb9541d69a,23.0225,72.5714,2025-09-14 01:03:18.695592,107.85,40.69,"Sure, here's the actionable advice based on the solar forecast:

**1. Peak generation time and power:** The peak power is at 10:00 AM, meaning appliances will generate the most energy then.

**2. Appliances to run during peak hours:** During the peak generation period, focus on running appliances like air conditioners, refrigerators, and dishwashers to maximize energy savings.

**3. Efficiency tip:** One efficient tip is to schedule washing or laundry during off-peak hours when solar generation is lower.",94.2
497f7169-16c3-4fcb-9069-86391f5b6c3c,23.0225,72.5714,2025-09-14 01:03:17.645886,102.17,38.55,"## Solar Forecast Analysis

The peak generation time is 10:00 AM, meaning peak power will be generated at that time. To maximize energy savings, run appliances with the highest energy efficiency during this period, such as air conditioners, refrigerators, and washing machines. Additionally, consider using energy-efficient appliances like LED light bulbs to further reduce your energy consumption.",94.2
72b12d60-ced0-47cf-91a0-b2d84182bebf,23.0225,72.5714,2025-09-14 01:03:17.203976,98.76,37.55,"**Peak Generation Time & Power:** The peak generation time is at 10:00 AM, with a peak power of 37554 Watts.

**Appliance Recommendations:** Run your appliances like refrigerator, washing machine, and air conditioner during peak hours (10:00 AM - 4:00 PM) to maximize energy savings.

**Efficiency Tip:** Use smart power strips or timers to automate appliance usage and ensure they're turned off during non-operational periods.",94.2
30625e41-4b77-416c-9a2f-47066840c9aa,23.0225,72.5714,2025-09-14 01:03:16.443055,107.85,40.69,"## Solar Forecast Actionable Advice:

1. **Peak generation time & power:** The peak power is at 10:00 AM, so focus on appliances that are energy-efficient and run during those hours.
2. **Top appliances to run:** Consider running your air conditioner, refrigerator, washing machine, and dishwasher during the peak generation time.
3. **Efficiency tip:** Use energy-efficient appliances and adjust your thermostat to optimize your solar savings.",94.2
09c51019-1d5b-4e68-8cf7-3ef832c31282,23.0225,72.5714,2025-09-14 01:03:15.378817,98.76,37.55,"## Solar Forecast Actionable Advice:

**1. Peak generation time and power:** The peak generation is at 10:00 AM. This is a perfect time to run appliances with high energy demand like air conditioners, refrigerators, and washing machines.

**2. Appliances to run during peak hours:** Focus on running your air conditioner, refrigerator, and washing machine during the peak generation hours (10:00 AM - 4:00 PM).

**3. Efficiency tip:** To maximize energy savings and extend battery life, consider adjusting your appliances' schedules to run during off-peak hours whenever possible.",94.2
e99f0f28-b883-4613-86cc-87398c7dc640,23.0225,72.5714,2025-09-14 01:03:14.933620,102.17,38.55,"## Solar Forecast Analysis

The peak generation time is 10:00 AM, meaning the solar energy generation reaches its highest point then. This coincides with the use of appliances with the highest power requirements, such as air conditioners, refrigerators, and ovens.

One efficient tip to maximize energy savings is to run these appliances during the early morning and late afternoon when generation is lower and savings are maximized.

Remember, tailored advice requires a deeper understanding of your lifestyle and energy consumption habits.",94.2
c1c07156-897d-4ea7-8795-27af415c2730,23.0225,72.5714,2025-09-14 01:01:18.417180,107.85,40.69,"## Solar Forecast Analysis:

**Peak Generation:** 40689 Watts at 10:00 AM

**Top Appliance Recommendations:**

1. Use air conditioning (AC) or fans to cool your home during the hottest part of the day (between 10:00 AM and 4:00 PM).
2. Wash clothes during the early hours of the day (around 6:00 AM) when the solar energy output is higher.

**Efficiency Tip:**

Maximize energy savings by utilizing smart home technology and scheduling appliances to operate during off-peak hours (e.g., at night).",94.2
f0e86f46-555e-47db-b3fe-e1aa2d5cbbc2,23.0225,72.5714,2025-09-14 01:01:16.738494,98.76,37.55,"## Solar Forecast Analysis

**Peak generation time: 10:00 AM**

Running appliances during this peak generation time, like your TV, computer, and air conditioner, will maximize energy savings.

**Suggested appliances:**

* Laundry machine
* Electric kettle

**Energy efficiency tip:**

Maximize solar energy capture by ensuring your windows are clean and shaded during peak generation hours.",94.2
8363e473-805d-4eeb-9565-77b44abb9d79,23.0225,72.5714,2025-09-14 01:01:16.671568,102.17,38.55,"## Solar Forecast Insights:

* **Peak generation time:** 10:00 AM
* **Peak power:** 38,547 Watts

Due to the high peak power at 10:00 AM, appliances with high power requirements like refrigerators, washing machines, and air conditioners should be run. Additionally, optimizing your home's energy consumption during peak hours can maximize your savings.

**Efficiency Tip:** Reduce your air conditioner's usage during peak hours by setting a programmable thermostat to maintain a comfortable temperature.",94.2
94f824e3-984c-4a64-a61c-6734162456fd,23.0225,72.5714,2025-09-14 01:01:14.391724,46.62,17.95,"## Solar Forecast Actionable Advice

**Peak generation is at 10:00 AM, reaching 17949 Watts.** Running appliances then will generate the most savings, especially water heating, clothes washing, and dishwashing.

**Consider these appliances:**

* Kitchen appliances (microwave, toaster)
* Clothes dryer
* Washing machine
* Computer

**One efficiency tip:**

* Ensure your curtains are drawn at night to prevent heat loss through windows during peak hours.",94.2
81a53540-9c85-4875-8e34-f8383903c1d3,23.0225,72.5714,2025-09-14 01:01:00.859179,107.85,40.69,"## Solar Forecast Actionable Advice

**1. Peak Generation Time & Power:** The peak generation occurs at 10:00 AM, meaning the solar panels generate their maximum energy output then.

**2. Appliances to Run:** Run your appliances with the highest energy demand during the peak generation time:

* Wash clothes in the early afternoon (before 2:00 PM)
* Do laundry during the late afternoon (after 4:00 PM)
* Avoid running air conditioners or other appliances during peak hours.

**3. Efficiency Tip:** Optimize your home's lighting by replacing incandescent bulbs with energy-efficient LED ones.",94.2
ce2c668d-22de-4715-8187-ee9aefb5b4c7,23.0225,72.5714,2025-09-14 01:00:59.197764,102.17,38.55,"**Peak generation time is 10:00 AM.** This is a great opportunity to maximize energy savings by running appliances like refrigerators, washing machines, and air conditioners during this peak generation period.

**Here's a suggestion for appliance usage:**

* **Run your refrigerator and air conditioner during off-peak hours (6 PM - 10 PM)** to avoid the peak generation period.
* **Wash clothes using cold water** and hang them to dry naturally to reduce energy consumption.

**Remember, energy efficiency is key to reducing your electricity bill.**",94.2
20af1e6e-7a58-4dc0-acb5-9216e93009d5,23.0225,72.5714,2025-09-14 01:00:59.129593,98.76,37.55,"## Solar Forecast Actionable Advice:

**1. Peak generation time and power:** The peak power of 37554 Watts occurs at 10:00 AM.

**2. Appliances to run:** During peak hours, run appliances like fans, refrigerators, and dishwashers.

**3. Efficiency tip:** Use smart power strips to automatically turn off appliances when not in use.",94.2
9d543da1-3999-4d5a-9123-914338ce2300,23.0225,72.5714,2025-09-14 01:00:56.791959,46.62,17.95,"Sure, here's the actionable advice you requested:

1. **Peak generation time and power:** The peak power is 17,949 Watts occurring at 10:00 AM.


2. **Appliance suggestions:** Run your appliances like fans, air conditioners, and geysers during peak generation hours.


3. **Efficiency tip:** To further boost your savings, consider using energy-efficient appliances and optimizing your home's energy efficiency.",94.2
76e09337-42e3-4409-8a76-9b5ddd45150b,23.0225,72.5714,2025-09-14 00:30:07.046882,100.97,40.69,"**Actionable advice:**

The peak generation time is 9:00 AM, so maximize energy savings by running appliances like air conditioners and refrigerators during this period. Additionally, consider reducing lighting energy consumption during peak hours. Finally, ensure your appliances are properly sized and use high-efficiency models to further reduce energy consumption.",94.2
ca71fcfc-067d-4d8e-bfa5-fbb9bd861155,23.0225,72.5714,2025-09-14 00:30:05.882771,92.5,37.55,"**Peak generation time is at 9:00 AM.**

Running appliances like fans, air conditioners, and lights during this peak generation time can significantly increase your savings.

**Try using energy-efficient appliances and reducing your overall power consumption.**

**Tip:** Check the appliance's energy efficiency rating and choose energy-efficient models.",94.2
c5302c80-9157-47ff-a616-e7d907bf782a,23.0225,72.5714,2025-09-14 00:30:05.882328,95.66,38.55,"## Solar Forecast Analysis:

**Peak generation time:** 9:00 AM

**Top appliance to run:** Your refrigerator (5700 W) and TV (2500 W) should be turned on during peak generation for maximum savings.

**Efficiency tip:** Use LED light bulbs, which use 85% less energy and can significantly lower your energy bill.",94.2
75f905bc-4057-4d14-a0f7-67e436e879ae,23.0225,72.5714,2025-09-14 00:30:02.136086,89.77,36.43,"## Solar Forecast Analysis:

* **Peak generation time and power:** 9:00 AM, with a peak power of 36429 Watts.
* **Appliance suggestions:** Run your appliances like refrigerator, air conditioner, and washing machine during the peak generation period.
* **Efficiency tip:** Use energy-efficient appliances to optimize energy usage and reduce your bill.",94.2
ea6e24b1-fd0a-4ea2-9af4-9ddac3d8a9ee,23.0225,72.5714,2025-09-14 00:28:29.173578,92.5,37.55,"## Solar Forecast Analysis:

**Peak generation time is at 9:00 AM.** This means your house will generate the most energy then.

**Run appliances like fans and air conditioning during peak hours (9:00 AM - 1:00 PM).** They'll benefit the most from the surplus solar generation.

**Always use energy-efficient appliances** to maximize your savings and reduce your carbon footprint.",94.2
bda616e1-e88e-4610-9714-fada91c2e162,23.0225,72.5714,2025-09-14 00:28:28.561465,100.97,40.69,"## Solar Forecast Actionable Advice

The peak power of 40689 Watts occurs at 9:00 AM. Given the high generation, focusing energy savings during this time is crucial. Consider running appliances like air conditioners, refrigerators, and dishwashers during this peak generation period. Additionally, optimizing your home's energy efficiency by making sure windows and doors are properly sealed can help you further reduce your electricity bill.",94.2
483cd212-f141-4732-a622-d5c972e4fdef,23.0225,72.5714,2025-09-14 00:28:27.877485,95.66,38.55,"**Peak generation time is 9:00 AM, making it the perfect time to run your appliances like air conditioners and refrigerators.**

**Consider using appliances like fans and LED lights during peak hours.**

**Remember to check the weather forecast beforehand to ensure clear skies for optimal energy generation.**",94.2
e2dc01fc-b115-4531-b90a-fe9623c851dd,23.0225,72.5714,2025-09-14 00:28:25.648462,95.66,38.55,"Sure, here's the actionable advice you requested:

1. The peak generation time and power are 9:00 AM and 38547 Watts, respectively.
2. During peak hours, run appliances like air conditioners, refrigerators, and washing machines.
3. To further maximize energy savings, consider using appliances with energy star certification, such as LED lights and energy-efficient appliances.",94.2
777a7cfd-40a0-4633-b8c7-711c84b13e61,23.0225,72.5714,2025-09-14 00:28:24.081310,95.66,38.55,"**Peak Generation:** 38547 Watts occur at 9:00 AM.

**Actionable Advice:**

- Run appliances with the highest energy consumption during peak hours (9:00 AM to 1:00 PM).
- Use energy-efficient appliances to reduce your reliance on the grid.
- Consider optimizing your home's insulation to reduce energy consumption.",94.2
c49b6a86-f7a1-4ac5-a707-d32b5c008839,23.0225,72.5714,2025-09-14 00:28:24.000835,100.97,40.69,"## Actionable Solar Forecast Advice:

**1. Peak generation time and power:** The peak power is reached at 9:00 AM, meaning appliances with highest energy demand will experience peak generation then.

**2. Appliance suggestions:** Run your air conditioner, washing machine, and other energy-intensive appliances during peak generation hours (9:00 AM - 5:00 PM).

**3. Efficiency tip:** To further maximize savings, consider using energy-efficient appliances and practices throughout the day.",94.2
962d7911-b15d-4c7c-8d69-8b83d943e38b,23.0225,72.5714,2025-09-14 00:28:22.741301,92.5,37.55,"Sure, here's the actionable advice you requested:

**1. Peak generation time and power:** The peak power will be reached at 9:00 AM, with a generation of 37554 Watts.

**2. Appliances to run during peak hours:** During the peak generation period, consider running appliances like air conditioners, washing machines, and dishwashers to maximize energy savings.

**3. Efficiency tip:** To further boost efficiency, consider using energy-efficient appliances and turning off lights and electronics when not in use.",94.2
f486a815-a2ea-4551-bfa9-023f3951197c,23.0225,72.5714,2025-09-14 00:28:22.228304,92.5,37.55,"## Solar Forecast Analysis

The peak power generation is 37554 Watts occurring at 9:00 AM. This is a high time for appliance usage, especially heating, cooling, and washing. 

Two efficient appliances you can run during peak hours are your refrigerator and air conditioner. 

For optimal efficiency, consider using energy-efficient appliances and reducing your overall energy consumption.",94.2
a615cba3-f86c-458e-afdd-7b8e848eae57,23.0225,72.5714,2025-09-14 00:28:20.924650,95.66,38.55,"**Actionable Advice:**

The peak power generation is at 38547 Watts at 9:00 AM. This means appliances will draw the most power at this time.

- Run high-power appliances like air conditioners, heaters, and washing machines during peak hours.
- Implement an energy-saving tip to reduce your overall energy consumption during peak generation. Consider switching off lights and appliances when not in use.",94.2
c4d47862-c988-4fad-9901-53aa67496ad0,23.0225,72.5714,2025-09-14 00:28:20.859990,100.97,40.69,"## Solar Forecast Analysis

The peak power of 40,689 Watts occurs at 9:00 AM, highlighting a high generation potential during the morning hours.

For maximum savings, run appliances like air conditioners, refrigerators, and lights during the peak generation period (9:00 AM to 1:00 PM).

Remember to check the appliance energy consumption and adjust the schedule accordingly for peak savings.",94.2
